Gender,Own_car,Own_property,Work_phone,Phone,Email,Unemployed,Num_children,Num_family,Account_length,Total_income,Age,Years_employed,Income_type,Education_type,Family_status,Housing_type,Occupation_type
0,0,1,0,1,0,0,0,2,17,121500,46,3,0,1,1,1,0
1,0,1,0,0,0,0,1,3,23,315000,33,10,0,4,1,1,3
1,1,0,1,1,0,0,2,4,40,72000,33,5,4,4,1,1,4
0,1,1,0,0,0,0,0,2,39,216000,58,9,4,4,1,1,10
1,1,1,0,0,0,0,1,2,55,72000,42,0,0,4,3,1,12
0,0,1,0,0,1,0,1,2,24,180000,47,15,0,1,2,1,10
0,1,1,1,0,0,0,1,3,49,126000,36,2,4,4,0,1,15
1,0,1,1,0,0,0,1,3,20,103500,32,1,4,4,1,1,8
0,0,1,0,0,0,1,0,1,5,157500,60,0,1,4,4,1,12
1,1,0,0,0,0,0,0,2,12,225000,36,15,2,4,1,1,12
0,0,1,1,1,0,0,0,2,1,225000,52,10,4,4,1,3,12
1,1,1,0,1,0,0,1,3,35,315000,36,3,4,1,1,0,8
1,0,1,0,0,0,0,0,2,10,112500,42,9,4,4,1,1,10
0,1,0,0,0,0,0,0,2,26,112500,38,6,4,4,1,1,15
1,0,0,0,0,0,0,1,3,46,396000,30,4,4,2,1,1,12
0,1,1,0,1,1,0,0,1,37,225000,26,1,4,1,3,1,12
0,0,1,0,0,0,0,1,3,6,405000,34,12,2,1,1,1,3
0,1,1,0,0,0,0,0,2,32,157500,39,5,0,4,1,1,15
0,0,0,0,0,0,0,1,3,19,99000,35,14,0,4,1,1,8
0,1,0,0,0,0,0,2,4,34,225000,35,5,4,4,0,1,12
0,0,0,0,0,0,0,1,3,22,180000,49,17,0,4,1,1,15
1,0,0,0,1,0,0,0,1,20,180000,45,2,4,4,3,3,8
0,0,0,1,0,0,0,0,2,21,139500,23,1,0,4,0,1,12
0,0,1,0,1,0,0,0,1,37,202500,48,27,4,4,3,1,3
0,0,1,0,0,1,0,1,3,11,90000,26,3,2,1,1,1,3
1,0,1,0,0,0,0,1,3,42,225000,28,8,4,4,1,1,12
0,0,0,0,1,0,1,0,1,6,54000,59,0,1,4,4,1,12
1,1,0,0,0,0,0,1,3,53,292500,25,2,0,4,1,1,4
1,0,1,0,0,0,1,0,2,8,135000,63,0,1,1,1,1,12
0,0,1,0,0,0,1,0,1,4,126000,64,0,1,4,3,1,12
0,1,0,0,0,0,0,1,3,17,157500,30,3,4,4,0,2,15
0,0,1,0,1,0,1,0,2,12,76500,57,0,1,4,1,1,12
0,0,1,0,0,0,0,0,2,17,382500,31,3,0,2,1,2,0
0,1,1,0,1,0,1,0,2,9,270000,51,0,1,4,1,1,12
0,1,0,0,0,0,0,0,2,60,247500,40,5,0,1,1,1,6
0,0,1,1,1,1,0,0,2,39,202500,52,18,4,4,1,1,8
0,0,1,0,0,0,0,0,2,43,135000,51,6,0,4,1,1,15
1,0,0,0,1,0,1,1,3,12,135000,52,0,1,3,1,1,12
0,1,1,1,0,0,0,0,1,21,202500,49,4,4,1,3,1,8
1,1,0,1,1,0,0,0,2,3,81000,48,8,4,4,1,1,8
0,1,1,1,1,0,0,0,2,4,135000,54,12,4,1,0,1,10
1,0,1,1,0,0,0,0,2,24,315000,36,7,4,2,1,1,8
0,0,0,0,0,0,0,0,1,15,225000,32,3,4,4,2,1,15
0,0,1,0,0,0,1,0,1,0,94500,57,0,1,4,2,1,12
0,1,1,0,1,0,0,0,2,8,405000,50,10,0,2,1,1,12
1,0,1,0,0,1,0,0,2,1,216000,52,20,0,1,1,1,10
0,0,0,1,0,0,0,0,1,9,90000,23,0,4,1,3,5,16
1,0,1,0,0,0,0,1,3,45,112500,27,3,4,4,1,1,8
0,1,0,0,1,0,0,0,2,29,202500,40,22,4,4,1,1,11
1,1,0,1,0,0,0,2,4,3,180000,34,5,4,2,1,1,8
0,0,0,1,0,0,0,0,2,24,45000,50,8,4,1,1,1,0
0,0,0,0,0,0,0,0,1,4,126000,22,2,4,4,3,5,15
0,0,1,0,0,0,0,0,2,14,180000,57,7,0,4,1,1,12
1,1,0,0,1,0,0,2,3,45,157500,37,3,0,1,2,3,10
1,1,1,1,0,0,0,2,4,29,139500,47,15,4,4,1,1,4
0,1,1,0,1,1,0,0,1,0,112500,20,2,0,4,3,1,13
0,0,1,0,1,0,0,1,3,2,180000,45,1,4,4,1,1,17
0,0,0,0,0,0,0,1,3,37,135000,28,1,4,1,1,5,16
1,0,0,1,1,0,0,0,2,7,202500,56,0,0,4,1,1,17
0,0,0,0,0,0,0,1,3,18,135000,41,6,4,4,1,1,3
1,0,0,1,0,0,0,0,2,1,190399,28,3,0,4,1,1,3
1,1,1,1,0,0,0,1,3,28,225000,51,1,4,4,1,1,10
0,1,0,0,0,0,0,0,2,51,144000,46,9,0,1,1,1,12
1,1,0,1,1,0,0,1,2,42,99000,38,0,0,1,2,1,4
0,1,1,0,0,0,1,0,1,4,315000,57,0,1,4,3,1,12
0,0,0,0,0,0,0,1,3,29,225000,34,1,0,4,0,1,0
0,0,0,0,0,0,0,0,1,5,270000,51,1,4,4,4,1,2
0,0,0,0,0,0,0,1,3,6,157500,26,2,4,4,1,1,8
0,0,1,0,0,0,1,0,2,53,180000,58,0,1,4,1,1,12
0,1,1,0,1,0,1,0,2,17,72000,61,0,1,4,1,1,12
0,0,1,0,1,0,0,0,1,21,360000,51,23,4,1,2,1,10
1,0,1,0,0,0,0,0,1,26,391500,47,4,4,4,2,1,17
0,0,0,0,1,0,0,0,1,43,261000,64,27,4,1,2,1,12
0,0,1,0,0,0,0,2,3,9,270000,31,1,2,1,2,5,6
1,0,0,1,1,0,0,0,1,47,126000,34,5,4,1,3,1,3
0,1,1,0,0,0,1,0,2,30,202500,52,0,1,4,1,1,12
0,0,0,1,0,0,0,2,4,27,82350,33,11,4,2,1,5,1
0,1,1,0,0,0,0,1,3,23,225000,42,0,4,4,0,1,15
0,0,1,0,0,0,0,0,2,39,180000,50,7,4,4,1,1,8
0,1,1,0,0,0,0,2,4,6,94500,34,9,4,4,1,1,2
0,0,1,0,0,0,0,0,2,4,135000,52,0,4,4,1,1,11
1,0,1,0,0,0,0,1,3,11,135000,36,10,4,1,1,1,12
1,1,0,0,0,0,0,1,3,55,270000,45,18,0,4,1,3,10
0,0,1,1,1,0,0,0,1,52,202500,49,26,4,4,2,1,1
0,0,0,0,0,1,0,1,2,33,108000,34,9,4,4,4,1,15
1,1,0,0,0,0,0,0,1,51,337500,31,9,4,4,3,5,3
0,0,1,0,0,0,0,0,2,44,121500,40,16,4,4,1,1,11
0,1,1,0,1,0,1,0,2,16,225000,60,0,1,4,1,1,12
0,0,0,1,0,0,0,0,1,38,135000,28,3,2,1,3,1,0
0,1,1,0,0,0,0,0,2,3,270000,54,15,0,1,1,1,0
0,0,0,0,0,0,0,0,1,1,90000,42,0,4,4,3,1,8
1,1,1,0,0,0,0,1,3,38,157500,37,4,4,4,1,1,4
0,0,1,0,0,1,1,0,2,28,81000,59,0,1,4,1,1,12
0,0,1,0,0,0,0,0,1,44,225000,47,0,4,4,4,1,15
1,1,1,1,0,0,0,2,4,3,225000,51,17,0,1,1,1,10
0,0,1,1,1,0,0,0,2,42,180000,45,7,0,4,1,1,12
0,0,1,0,0,0,1,0,1,44,225000,64,0,1,4,4,1,12
0,0,0,0,1,0,1,0,2,5,67500,62,0,1,3,1,1,12
0,0,1,0,1,0,1,0,2,37,90000,66,0,1,4,1,1,12
0,0,0,1,1,0,0,0,2,3,270000,50,24,4,4,1,1,4
0,0,1,0,1,0,0,1,3,48,315000,44,11,4,4,1,1,3
0,0,0,1,0,0,0,1,2,27,157500,50,12,4,4,4,1,12
0,0,0,0,0,0,0,0,1,19,90000,23,1,0,4,3,2,6
0,0,0,0,1,0,0,2,4,33,112500,34,1,4,4,1,2,11
1,1,1,0,0,0,0,0,2,7,225000,32,6,2,1,1,1,12
0,0,1,1,0,1,0,0,2,1,112500,27,1,4,4,1,5,12
0,0,0,0,1,0,1,0,2,35,225000,59,0,1,1,1,1,12
0,0,0,0,0,0,0,0,1,26,157500,52,32,4,4,3,1,11
1,1,1,1,1,0,0,0,2,47,157500,35,1,0,4,1,1,8
0,1,1,0,1,0,0,0,2,38,225000,44,0,0,1,1,1,6
1,1,1,0,0,0,0,0,2,36,202500,56,14,4,1,1,1,10
1,0,1,0,0,0,0,0,2,29,202500,40,5,4,1,1,1,10
0,1,0,0,1,0,1,1,3,34,450000,54,0,1,4,0,1,12
0,0,1,0,0,0,1,0,2,45,67500,60,0,1,4,1,1,12
1,0,0,1,1,0,0,0,2,39,202500,54,9,0,4,1,1,8
0,1,1,0,0,0,0,1,3,33,180000,42,7,4,1,1,1,3
1,0,1,0,1,0,0,0,2,43,270000,44,2,4,4,1,1,8
1,1,1,0,0,0,0,0,2,5,90000,37,2,0,4,1,1,12
0,0,1,0,0,0,0,0,2,34,157500,52,6,0,4,1,1,5
1,0,1,1,1,0,0,0,2,33,247500,25,2,0,4,1,1,4
0,0,1,0,0,0,0,0,2,14,103500,43,3,4,4,1,1,11
0,0,0,1,1,0,0,0,2,3,135000,27,1,4,4,1,5,3
0,0,1,0,0,0,0,0,2,48,292500,48,12,4,1,1,1,12
0,0,1,0,1,0,0,0,2,39,112500,50,16,2,4,0,1,11
0,0,0,0,1,0,0,0,2,4,67500,32,8,4,4,1,1,15
1,1,0,1,0,0,0,1,3,30,180000,39,0,0,4,1,1,8
1,0,1,0,0,0,0,0,1,11,135000,46,1,4,4,3,1,8
0,0,0,1,1,0,0,0,2,60,112500,29,10,4,1,1,5,3
0,0,1,0,0,0,0,3,5,45,135000,35,2,0,4,1,1,15
0,1,1,0,0,1,1,1,3,28,157500,37,0,1,1,1,1,12
0,0,1,1,1,0,0,0,1,55,630000,60,4,4,1,2,1,0
0,0,1,0,1,0,0,0,2,17,292500,46,9,4,4,1,1,11
0,0,1,0,0,0,1,0,2,45,99000,63,0,1,4,1,1,12
1,0,1,0,0,0,0,0,1,46,90000,41,1,4,4,3,1,9
1,0,1,0,0,0,0,0,2,3,202500,46,0,4,4,1,1,12
0,0,0,0,1,0,0,0,2,31,157500,27,3,0,1,1,5,12
1,1,1,0,0,0,0,0,2,7,162000,36,0,4,4,1,1,8
0,1,1,0,0,0,0,1,3,45,540000,36,0,2,2,1,1,3
0,0,1,1,1,0,0,0,2,19,112500,43,7,0,4,1,1,12
0,0,1,1,0,0,0,1,3,1,134995,35,5,4,4,0,1,8
0,0,0,0,0,0,0,0,2,47,157500,49,0,4,4,1,1,10
0,0,1,0,0,0,0,1,2,25,225000,33,4,4,4,3,1,1
0,0,1,0,0,0,0,1,3,38,81000,45,22,4,4,0,1,3
1,0,1,0,0,0,0,0,2,49,270000,44,2,4,4,0,1,4
0,0,1,0,1,0,0,1,3,11,225000,43,7,0,1,1,1,10
1,0,1,0,0,1,0,0,1,29,225000,25,3,0,4,3,1,8
1,1,1,0,0,0,0,0,2,21,382500,29,1,4,1,0,1,8
0,0,1,0,0,0,0,2,4,13,144000,29,7,0,4,1,1,12
1,1,0,0,0,0,0,2,4,28,225000,35,11,4,4,1,1,8
0,0,1,0,0,1,0,1,3,8,225000,26,6,0,1,1,1,10
0,0,0,1,1,0,0,0,1,2,99000,25,2,4,1,3,1,3
0,1,1,1,1,0,0,2,4,36,144000,31,10,4,4,1,1,8
0,0,1,0,0,0,0,0,1,23,112500,47,1,4,4,3,1,15
0,0,0,0,0,0,0,1,3,13,180000,27,7,4,2,1,5,12
0,0,1,0,0,0,0,0,2,15,202500,48,4,0,4,1,1,10
1,0,1,0,0,0,0,0,2,11,157500,40,0,4,4,1,1,8
1,1,1,0,0,0,0,0,1,32,135000,29,4,4,1,3,1,4
0,1,1,0,0,0,1,0,2,10,144000,62,0,1,4,1,1,12
1,0,1,1,0,0,0,0,1,4,135000,26,1,4,4,3,1,17
1,1,0,0,0,0,1,2,4,9,157500,55,0,1,4,1,1,12
1,1,1,0,0,1,0,2,4,28,225000,40,0,0,1,1,1,12
1,0,1,1,1,0,0,0,1,49,112500,49,5,4,4,3,1,15
0,0,0,0,1,0,1,0,2,23,76500,56,0,1,4,1,1,12
0,0,0,0,0,0,0,1,3,6,202500,31,8,0,4,1,1,8
0,1,0,0,0,0,0,0,2,33,112500,44,4,4,4,1,1,11
0,0,0,0,1,0,0,1,2,11,108000,39,11,4,4,2,1,12
1,1,1,0,1,1,0,0,1,37,202500,36,6,4,4,3,1,10
0,0,0,0,0,0,1,0,1,27,90000,57,0,1,4,4,1,12
0,0,1,0,0,0,0,1,3,12,112500,31,2,4,4,1,1,3
1,0,1,0,0,0,0,0,2,23,225000,35,5,4,4,1,1,4
1,0,1,0,0,0,0,0,1,17,81000,57,7,4,4,3,1,17
0,0,1,0,0,0,1,0,2,59,225000,60,0,1,4,1,1,12
0,1,1,0,0,0,1,0,2,6,112500,61,0,1,1,1,1,12
0,1,0,1,0,0,0,0,1,29,247500,56,24,0,1,2,1,0
0,0,1,0,1,0,1,0,1,15,495000,59,0,1,4,4,1,12
1,1,1,0,0,1,0,0,2,3,189000,56,2,4,4,1,1,17
0,1,1,0,0,0,0,2,4,41,450000,40,12,4,4,1,1,3
1,0,0,0,1,0,1,0,2,15,126000,56,0,1,1,1,1,12
1,0,1,0,1,0,0,0,2,46,135000,52,7,2,1,1,1,3
0,0,1,0,0,0,1,0,1,52,76500,63,0,1,1,3,1,12
1,0,1,0,0,0,0,0,2,2,180000,56,4,4,4,1,1,8
0,0,1,0,1,0,0,1,3,12,90000,31,9,4,1,1,1,6
0,1,1,0,0,0,0,0,1,16,180000,36,7,4,4,3,1,8
1,1,0,1,1,0,0,0,2,52,315000,45,13,4,4,1,1,4
1,1,1,0,0,0,0,1,3,49,315000,28,7,4,1,1,1,3
0,0,1,0,0,0,1,0,2,7,90000,55,0,1,4,1,1,12
0,0,1,0,0,0,1,0,2,4,157500,55,0,1,4,0,1,12
0,0,1,0,1,0,0,1,3,28,112500,37,6,4,4,1,1,12
1,0,0,0,0,0,0,2,4,37,202500,26,3,4,4,1,1,8
1,1,1,1,1,0,0,0,2,52,157500,60,19,4,4,1,1,6
1,1,1,0,1,0,0,0,2,31,225000,37,9,2,4,1,1,8
1,1,1,0,0,0,1,0,2,43,180000,67,0,1,4,0,1,12
0,0,1,0,0,0,1,0,1,55,99000,67,0,1,1,2,1,12
0,0,1,0,1,0,1,0,2,47,58500,67,0,1,4,1,1,12
0,0,0,0,0,0,0,0,1,44,90000,43,12,0,4,3,1,8
0,0,1,0,0,0,0,0,2,21,216000,58,9,4,4,1,1,13
1,0,1,0,0,0,0,1,3,34,270000,30,1,2,1,1,1,3
0,0,1,1,1,0,0,2,4,0,157500,27,2,2,1,1,1,3
0,1,0,1,0,0,0,0,1,58,270000,28,4,0,1,3,1,12
0,0,1,0,0,0,0,1,3,18,180000,23,2,4,2,1,1,12
0,0,0,0,0,0,0,0,2,16,112500,27,1,4,2,1,5,15
1,1,1,0,0,0,0,0,2,14,301500,43,1,0,1,1,1,8
0,0,1,0,0,0,0,0,2,16,270000,32,2,4,2,0,4,12
0,0,1,0,0,0,0,0,2,48,315000,49,31,2,1,1,1,12
0,1,1,0,0,0,0,0,2,20,90000,52,4,4,4,1,1,12
0,0,1,0,0,1,0,1,3,2,720000,45,6,0,1,1,1,10
0,0,1,0,0,0,1,0,1,20,283500,61,0,1,1,2,1,12
1,0,0,0,0,0,0,0,1,35,265500,60,8,4,1,3,1,8
1,0,0,0,1,0,1,0,2,5,135000,56,0,1,4,1,1,12
1,0,1,0,0,1,0,1,3,47,315000,31,3,0,4,1,1,4
1,0,0,0,0,0,0,0,2,60,247500,49,3,4,4,1,1,4
0,1,1,0,0,0,0,0,1,27,225000,54,4,4,4,4,1,1
0,0,0,0,1,0,0,0,2,18,283500,48,13,0,4,1,2,2
0,0,0,0,0,0,0,0,2,36,112500,24,1,4,4,1,1,3
0,0,1,0,0,1,0,0,2,0,126000,40,7,2,4,1,1,0
0,1,1,0,0,0,0,0,2,58,180000,34,1,4,4,0,1,15
1,1,1,0,0,0,1,0,2,19,360000,38,0,1,4,1,1,12
0,0,1,0,1,0,1,0,1,5,67500,58,0,1,2,2,1,12
0,0,1,0,0,0,0,3,5,42,179100,36,5,2,4,1,1,2
0,0,0,0,0,0,0,0,2,27,202500,46,11,2,1,1,1,12
1,0,1,0,0,0,0,0,2,4,225000,32,12,4,4,1,1,8
0,0,1,1,0,0,0,0,2,8,135000,22,1,4,1,1,1,12
1,1,0,1,0,0,0,1,3,3,540000,38,1,4,1,1,1,12
0,0,0,1,0,0,0,0,2,31,180000,48,6,4,1,1,1,10
0,0,1,0,0,0,0,0,2,14,180000,45,13,4,3,1,1,1
0,1,1,0,1,1,0,0,1,17,292500,52,15,0,1,4,1,12
0,1,1,0,0,0,0,0,2,30,247500,53,22,2,4,1,1,10
0,0,1,0,0,0,0,0,1,40,216000,49,8,4,4,3,1,11
0,1,1,0,0,0,0,1,2,30,225000,29,3,0,4,2,1,10
1,1,1,0,0,0,0,0,2,32,180000,49,9,0,4,1,1,4
0,0,1,0,0,0,0,0,2,28,180000,42,8,4,4,1,1,12
1,1,0,0,0,0,0,0,2,11,261000,24,1,0,2,0,5,15
1,1,1,0,0,0,0,0,1,23,382500,59,8,4,4,3,1,8
1,1,1,0,0,0,0,0,2,46,247500,57,7,0,4,1,1,4
1,1,0,1,0,0,0,0,1,28,247500,23,0,4,2,3,1,10
0,0,1,0,0,0,1,0,2,4,67500,55,0,1,4,1,1,12
0,1,0,1,1,0,0,0,2,55,202500,44,17,4,1,1,1,10
0,0,0,0,0,0,0,1,2,48,180000,27,1,4,4,3,1,15
1,1,0,1,0,0,0,0,2,20,315000,46,14,0,4,1,1,10
0,0,1,0,0,0,0,0,2,26,112500,25,2,4,1,1,5,3
0,0,0,0,0,0,0,2,4,53,180000,37,14,2,1,1,1,10
0,0,0,0,1,0,1,0,2,41,94500,58,0,1,4,1,1,12
0,0,1,0,1,0,1,0,2,8,112500,56,0,1,4,1,1,12
0,0,0,0,0,0,1,0,2,10,270000,56,0,1,4,1,1,12
0,1,1,1,1,0,0,1,3,51,252000,39,8,4,4,0,1,15
0,1,1,0,0,1,0,0,1,11,360000,57,5,0,1,3,1,10
0,0,1,0,0,0,0,0,2,38,157500,50,18,4,4,1,1,10
0,0,1,0,0,0,0,0,1,16,270000,53,3,2,1,2,1,3
1,0,1,0,0,1,0,0,2,14,90000,51,4,0,4,1,1,12
0,0,0,0,0,0,0,1,3,18,157500,42,4,0,4,1,1,15
1,0,1,1,0,0,0,0,2,37,135000,56,36,4,4,1,1,12
0,0,1,1,1,0,0,0,2,57,180000,40,2,4,4,1,1,2
0,1,1,0,0,0,0,1,3,8,270000,37,7,0,4,1,1,10
1,0,1,0,0,1,0,1,3,26,202500,26,3,4,4,1,1,4
1,0,0,0,0,0,0,0,2,37,225000,35,4,4,4,1,1,8
0,0,1,1,0,0,0,0,2,0,112500,46,25,4,4,1,1,6
1,1,1,0,0,0,0,2,4,5,180000,39,1,4,4,1,1,8
0,0,1,0,0,0,0,4,6,41,261000,34,4,4,4,1,1,6
0,0,1,0,1,0,1,0,1,25,112500,60,0,1,2,4,1,12
0,0,1,0,0,0,0,0,2,32,135000,51,31,0,4,1,1,8
0,1,1,0,0,0,1,0,1,16,112500,57,0,1,4,4,1,12
0,0,0,1,1,0,0,1,3,41,162000,34,8,4,2,0,1,3
0,1,1,0,0,0,0,1,2,4,247500,36,3,0,4,2,1,0
0,1,0,0,1,0,0,0,2,18,135000,52,34,4,4,1,1,3
0,1,0,0,0,0,0,0,2,10,112500,46,0,0,4,1,1,1
1,1,1,0,0,0,1,0,2,43,220500,63,0,1,4,1,1,12
0,0,0,0,0,0,0,0,2,9,135000,36,10,0,4,1,1,15
0,0,1,1,1,0,0,0,1,39,315000,48,6,0,1,2,1,0
1,1,1,0,1,0,0,1,3,30,270000,44,5,0,1,1,1,10
0,0,0,1,1,0,0,4,6,52,112500,35,3,0,4,1,1,12
1,1,1,0,0,0,0,0,2,13,135000,26,2,0,2,0,1,8
1,0,0,0,0,0,0,0,1,38,180000,28,8,0,4,3,5,3
0,0,0,0,1,0,1,0,1,51,81000,60,0,1,4,2,1,12
0,0,1,0,0,0,0,0,1,8,270000,46,5,0,4,3,1,1
1,1,1,1,0,0,0,0,1,54,270000,52,10,4,3,2,1,8
0,0,1,0,1,0,0,0,1,44,112500,43,6,4,4,2,1,11
1,0,1,1,0,0,0,0,2,32,180000,54,3,0,2,1,1,3
1,0,1,0,0,0,0,0,2,43,99000,29,1,0,2,0,4,8
0,0,0,0,0,0,0,1,3,17,387000,41,1,0,1,1,1,12
1,1,0,1,1,0,0,0,2,10,157500,33,0,4,4,1,4,3
0,0,0,0,0,0,0,0,2,28,135000,52,0,4,3,1,4,8
0,1,1,0,0,0,0,1,3,38,121500,44,1,2,4,1,1,3
0,0,1,0,0,0,0,1,3,25,112500,37,14,4,4,1,1,8
1,1,1,0,0,0,0,1,3,13,225000,41,2,0,4,1,1,8
0,0,0,0,1,0,1,0,2,2,112500,64,0,1,4,1,1,12
0,0,1,0,0,0,0,2,4,23,67500,33,1,4,4,1,1,15
1,0,1,0,0,0,1,0,2,25,126000,45,0,1,4,1,4,12
0,0,1,0,0,0,0,1,3,22,202500,35,3,4,4,1,1,8
1,1,1,0,1,1,0,1,3,17,495000,46,0,4,1,1,1,10
1,0,1,0,0,1,0,1,3,12,157500,23,1,4,4,1,1,3
0,0,0,0,0,0,0,1,3,12,180000,37,7,4,4,1,1,8
0,0,1,0,0,0,0,0,1,28,202500,45,5,0,4,3,1,3
1,1,1,0,0,0,0,1,3,39,270000,51,10,2,4,1,1,4
0,1,1,0,0,0,0,1,2,4,157500,29,3,4,4,3,1,13
1,1,1,0,0,0,0,0,1,12,225000,32,0,4,4,3,1,18
0,0,1,0,0,0,0,1,3,6,360000,28,3,4,4,1,1,10
0,0,1,0,0,0,1,0,2,34,135000,59,0,1,4,1,1,12
0,0,0,0,0,1,0,1,2,2,67500,24,0,4,1,3,1,15
0,0,0,0,0,0,0,1,2,40,126000,53,1,4,4,4,1,12
1,0,1,0,0,0,0,2,4,32,162000,30,11,4,4,1,1,12
0,0,1,0,0,0,0,0,2,54,135000,42,4,0,4,1,1,18
0,1,0,1,1,0,0,1,3,48,67500,32,3,4,1,1,1,15
0,0,0,1,1,0,0,0,2,58,270000,48,4,4,4,1,1,6
0,0,0,1,1,0,0,0,1,30,112500,38,12,4,4,3,1,3
1,1,1,0,1,0,0,0,2,24,270000,39,4,4,1,1,1,12
0,0,1,0,0,0,0,0,2,48,292500,57,13,4,1,1,1,3
0,0,0,0,0,0,0,0,1,39,180000,44,6,0,4,2,1,12
1,1,1,0,0,0,0,1,3,16,157500,49,9,4,4,1,1,12
1,0,0,0,0,0,0,1,3,58,135000,31,3,0,4,1,1,8
0,0,0,0,0,1,0,0,2,44,135000,56,5,0,4,1,1,16
1,1,1,0,0,0,0,0,2,60,135000,51,7,4,4,1,1,12
0,0,1,0,0,0,0,0,1,36,256500,53,2,0,1,2,1,10
0,1,1,0,0,0,1,0,1,29,157500,55,0,1,4,4,1,12
0,0,1,0,0,0,0,0,2,45,112500,43,9,4,4,1,1,15
0,0,1,0,1,0,0,1,3,17,81000,39,4,0,4,1,1,3
1,1,0,0,0,0,0,1,3,7,202500,33,5,2,4,1,5,4
0,0,1,0,0,0,1,0,2,22,67050,66,0,1,1,1,1,12
1,1,1,0,0,0,0,0,1,49,207000,37,13,2,4,3,1,8
1,1,1,0,1,0,0,0,2,10,360000,45,14,0,4,1,1,17
1,1,1,1,0,0,0,0,1,13,78750,22,0,4,4,3,1,15
0,0,1,1,1,0,0,1,2,34,198000,50,4,4,4,3,1,13
0,0,1,0,0,0,0,1,3,26,157500,43,4,4,4,1,1,12
0,0,0,1,0,0,0,1,3,31,67500,37,10,4,4,0,1,12
0,0,1,1,1,0,0,0,2,41,180000,37,10,4,1,1,1,13
1,1,1,0,1,0,0,2,4,22,292500,33,7,0,4,1,1,12
1,0,0,0,1,0,0,0,2,47,121500,28,1,4,4,1,1,8
1,1,1,0,1,0,0,0,2,26,540000,54,17,4,4,1,1,12
0,0,1,0,0,0,1,0,1,38,67500,51,0,1,4,3,1,12
1,0,1,0,0,0,0,0,1,46,135000,50,7,0,1,2,1,12
0,0,0,0,0,0,1,0,2,53,60750,62,0,1,4,1,1,12
0,0,1,0,1,0,0,0,1,14,157500,62,5,2,4,4,1,4
0,1,1,0,0,1,0,0,2,42,157500,47,21,2,2,1,1,6
0,1,1,0,0,0,1,0,2,37,81000,53,0,1,4,1,1,12
0,0,0,0,0,0,1,0,2,21,112500,57,0,1,4,1,1,12
1,1,1,0,1,0,0,0,1,17,157500,29,3,4,4,3,1,8
1,1,0,1,0,0,0,0,2,54,247500,44,2,0,1,1,1,4
0,0,1,1,0,0,0,1,3,22,67500,41,2,4,4,1,1,3
0,0,0,0,1,0,1,0,1,39,72000,63,0,1,4,2,1,12
0,1,1,0,0,0,0,3,5,24,90000,28,6,4,1,1,1,11
0,1,0,1,1,0,0,0,2,36,202500,40,3,0,4,1,1,6
0,0,1,1,1,0,0,2,4,56,112500,38,1,4,4,1,1,8
0,1,0,0,0,0,0,0,2,48,121500,35,3,4,4,1,1,8
0,0,0,0,0,0,0,2,4,23,121500,32,1,4,1,1,1,5
1,0,1,1,1,0,0,0,2,40,166500,51,17,4,4,1,1,8
0,0,1,0,0,0,0,0,2,13,175950,56,5,4,4,1,1,12
1,1,1,0,1,0,0,0,2,30,418500,52,0,4,1,1,1,12
0,0,1,0,0,0,1,0,2,5,157500,55,0,1,4,1,1,12
0,0,1,0,0,0,0,0,1,32,171000,46,1,4,4,3,4,8
0,0,1,0,0,0,0,0,2,34,135000,44,5,0,4,1,1,15
0,0,1,0,0,0,1,0,2,13,99000,62,0,1,4,1,1,12
0,0,0,0,0,0,1,0,1,25,112500,60,0,1,4,4,1,12
0,0,0,1,1,0,0,0,2,51,211500,50,9,4,4,1,1,17
0,0,1,1,1,0,0,1,3,13,211500,34,2,4,4,1,1,3
0,0,0,1,1,0,0,0,2,25,112500,42,2,0,4,1,1,0
1,1,1,0,1,0,0,1,3,41,292500,45,12,4,4,1,1,8
0,0,1,0,0,0,0,1,3,43,90000,35,14,0,4,1,1,8
0,0,1,0,1,0,0,0,2,48,225000,44,23,2,4,1,1,12
0,0,0,0,0,0,0,0,2,18,180000,53,5,4,2,1,1,8
1,1,1,1,1,0,0,0,2,19,135000,52,1,4,1,0,1,8
1,1,1,0,0,0,0,0,2,31,247500,63,1,4,4,1,1,6
0,0,1,0,0,0,1,0,2,22,90000,60,0,1,4,1,1,12
0,0,0,0,0,0,1,0,2,3,76500,64,0,1,4,1,1,12
0,0,1,0,0,1,0,0,2,25,157500,30,5,0,1,1,1,10
0,0,1,1,0,0,0,0,2,0,148500,33,5,4,4,1,1,8
1,1,1,0,1,0,0,2,4,22,225000,32,3,4,4,1,1,8
0,0,0,0,0,0,1,0,2,3,157500,56,0,1,4,1,2,12
0,1,1,0,0,0,1,0,2,28,360000,64,0,1,4,1,2,12
0,0,0,0,0,1,0,0,1,15,135000,23,4,0,2,3,2,8
0,0,1,0,0,0,1,0,2,16,193500,56,0,1,1,1,1,12
0,0,1,0,1,0,1,0,2,34,117000,66,0,1,4,1,1,12
1,1,1,1,0,0,0,0,2,15,427500,32,12,4,1,0,4,12
0,1,0,0,0,0,0,2,4,27,157500,36,10,0,1,1,1,12
1,1,1,1,0,0,0,1,3,53,360000,32,10,4,1,1,1,10
0,0,1,0,0,0,0,0,2,40,103500,30,1,2,4,0,1,2
0,1,1,0,0,1,0,1,3,28,135000,30,1,4,1,1,1,15
0,0,1,0,0,1,0,0,1,12,310500,35,3,2,1,3,1,0
0,1,1,0,0,0,0,1,3,2,202500,45,6,4,4,1,1,8
0,1,1,0,0,0,0,1,3,13,225000,29,7,0,1,0,1,12
0,0,1,0,1,0,0,0,2,37,202500,59,19,4,1,1,1,3
0,0,1,0,0,0,1,0,2,37,126000,56,0,1,4,1,1,12
0,0,1,0,0,1,1,0,2,58,157500,55,0,1,4,1,1,12
1,1,1,0,0,0,1,0,2,15,225000,60,0,1,4,1,1,12
0,0,1,0,0,1,1,0,2,0,85500,67,0,1,4,1,1,12
0,0,0,0,0,0,1,0,2,23,90000,60,0,1,4,1,1,12
0,1,1,0,1,0,1,0,2,55,54000,55,0,1,4,1,1,12
0,0,1,1,0,0,0,2,4,55,157500,46,3,0,4,1,1,13
1,1,0,0,0,0,0,0,1,40,180000,30,2,4,1,3,1,8
1,1,1,0,1,1,0,1,2,12,180000,26,1,4,4,3,1,8
1,0,0,1,0,0,0,0,2,13,270000,56,1,4,4,0,1,2
0,0,0,0,0,0,1,0,2,56,112500,58,0,1,4,1,2,12
0,0,1,0,0,0,0,0,2,51,315000,61,40,4,4,1,1,11
0,0,1,0,0,0,0,0,2,41,337500,35,6,2,1,1,1,3
0,0,1,0,1,1,0,0,2,16,382500,45,9,4,1,1,1,12
1,1,0,1,0,0,0,0,2,13,166500,53,0,0,1,1,1,8
1,0,1,0,0,0,1,0,2,49,270000,46,0,1,4,1,1,12
0,0,1,0,1,0,1,0,2,42,45000,62,0,1,4,1,1,12
1,0,0,0,0,0,0,0,2,58,202500,50,9,4,4,1,2,8
0,0,0,0,1,0,1,0,2,8,135000,63,0,1,4,1,1,12
0,1,1,0,0,0,0,0,2,33,157500,28,0,4,1,1,1,15
0,0,0,1,1,0,0,1,2,20,144000,39,9,4,4,3,4,6
1,1,0,0,0,0,0,0,2,10,225000,29,1,4,2,0,1,17
1,0,0,0,0,0,0,0,2,11,247500,24,2,0,4,1,2,4
0,0,1,1,1,0,0,2,4,14,202500,43,17,4,4,1,1,11
1,1,1,0,1,1,0,1,3,48,270000,47,0,4,4,1,1,8
0,0,1,0,0,0,0,1,3,28,270000,57,10,4,4,1,1,3
1,1,1,0,0,0,0,0,2,17,270000,54,2,4,4,0,1,8
0,0,1,0,1,0,1,0,1,58,225000,57,0,1,4,2,1,12
1,1,1,0,0,0,0,4,6,24,292500,38,1,4,4,1,1,8
1,0,1,0,1,0,0,0,2,57,270000,37,10,4,1,1,1,10
1,0,1,0,0,0,0,0,2,57,135000,43,0,4,4,1,1,17
0,0,1,0,1,1,0,0,2,43,157500,49,4,4,4,0,1,15
0,0,0,0,0,0,0,0,1,31,67500,40,1,0,4,2,1,12
0,0,0,0,0,0,0,0,2,1,180000,27,1,4,1,1,1,0
1,1,1,0,0,0,0,0,2,9,126000,29,2,4,4,1,1,4
0,0,1,0,1,0,1,0,1,43,112500,62,0,1,4,4,1,12
0,1,1,0,0,0,1,0,1,5,144000,57,0,1,4,4,1,12
0,0,1,0,0,0,0,0,2,26,180000,52,11,4,1,1,1,15
0,0,1,0,0,1,0,1,3,37,67500,39,5,4,4,1,4,8
1,1,1,0,0,0,0,0,2,10,202500,34,5,4,1,1,1,12
0,0,0,1,1,0,0,0,2,45,170302,45,11,0,1,1,1,0
1,1,0,1,0,0,0,1,3,24,135000,30,4,4,4,1,1,10
0,1,1,0,0,0,0,1,3,11,135000,28,0,4,4,1,5,13
0,1,1,0,1,0,0,0,2,22,180000,56,19,4,1,1,1,8
0,0,1,0,0,0,0,0,1,22,157500,46,4,0,4,4,1,3
1,0,1,0,0,1,0,0,1,20,157500,32,8,0,4,3,1,8
1,0,0,0,1,0,0,0,2,35,180000,54,4,4,4,1,1,12
0,0,1,0,0,0,0,1,3,8,247500,29,2,0,2,1,1,0
0,0,1,0,0,0,1,0,1,40,180000,64,0,1,4,4,1,12
0,0,1,0,1,0,0,0,1,12,135000,53,0,0,1,3,1,12
0,0,1,0,1,0,1,0,2,17,360000,53,0,1,4,0,1,12
0,0,0,0,0,0,0,2,4,49,337500,30,5,4,4,1,1,3
0,1,1,0,0,0,1,0,1,2,90000,60,0,1,4,4,1,12
0,1,1,1,0,0,0,0,2,22,135000,33,4,0,4,1,1,3
1,1,1,1,0,0,0,0,2,6,211500,36,14,0,4,1,1,12
0,1,1,0,0,1,1,0,1,54,225000,60,0,1,4,4,1,12
0,0,1,0,0,0,0,0,2,21,135000,43,2,4,4,1,1,18
1,0,1,0,1,0,1,0,1,3,81000,65,0,1,4,4,1,12
1,1,0,1,0,0,0,0,2,15,225000,33,2,0,4,1,1,4
1,0,0,1,1,1,0,0,2,36,157500,38,7,4,4,1,1,13
1,1,1,0,0,1,0,3,5,5,135000,32,2,4,4,1,1,8
0,0,0,1,0,0,0,0,2,20,135000,29,2,4,4,1,1,12
0,0,1,1,1,0,0,0,1,32,90000,49,1,4,1,2,1,8
0,0,1,0,0,0,0,1,3,9,112500,39,14,4,4,1,2,8
1,1,0,0,0,0,0,0,1,12,157500,23,3,2,4,3,2,8
0,0,1,0,0,0,0,0,2,11,157500,48,29,2,4,1,1,12
0,1,0,0,0,0,1,0,2,30,112500,62,0,1,4,1,1,12
0,1,1,0,0,0,0,0,2,24,180000,45,6,0,4,1,1,15
1,1,1,0,0,0,0,0,1,52,225000,30,8,4,4,3,1,8
0,0,0,0,1,0,1,0,1,26,69750,60,0,1,4,4,2,12
0,0,1,0,0,0,0,0,1,22,225000,29,0,0,4,3,1,1
1,0,1,0,0,0,0,0,2,2,112500,52,16,4,4,1,1,8
0,1,1,0,0,0,0,0,2,53,238500,41,19,4,1,1,1,11
1,0,1,0,0,0,1,0,2,16,148500,56,0,1,4,1,1,12
1,1,0,0,1,0,0,2,4,48,427500,39,12,0,1,1,1,12
0,1,1,0,0,0,0,0,2,56,270000,37,2,2,1,1,1,3
1,1,0,0,0,0,0,0,1,49,180000,33,14,4,1,2,1,8
1,0,0,1,0,0,0,1,3,46,270000,27,1,4,4,1,1,10
1,1,1,0,1,1,0,2,4,56,225000,51,8,4,4,1,1,4
0,0,1,0,1,0,0,0,2,50,180000,49,1,4,4,0,1,15
0,0,0,1,1,0,0,0,2,10,225000,55,10,4,4,1,1,15
1,1,1,0,1,0,0,2,4,12,337500,38,2,0,4,1,1,4
1,0,1,0,0,0,0,0,2,36,270000,32,6,4,1,1,1,8
0,0,0,1,1,0,0,0,2,6,225000,50,2,4,4,1,1,0
0,1,0,1,0,0,0,0,2,49,189000,48,1,0,4,1,1,6
1,0,1,0,0,0,0,0,1,25,180000,27,2,0,4,3,5,10
0,0,0,0,0,0,0,1,2,54,270000,45,2,4,4,2,1,3
0,1,1,1,0,0,0,0,2,5,225000,31,9,4,1,1,1,12
0,1,0,0,0,0,0,0,1,15,900000,52,20,4,1,3,1,10
0,0,1,0,0,0,0,0,2,31,81000,51,27,4,4,0,1,12
0,1,1,0,0,1,0,0,2,15,202500,38,2,4,1,1,1,15
1,1,1,0,0,0,0,3,5,52,135000,42,13,0,4,1,1,4
0,1,0,0,1,0,0,0,2,7,225000,23,5,4,4,1,1,12
0,0,1,0,1,0,0,0,1,11,157500,51,1,4,4,3,1,15
0,0,0,0,1,0,1,0,1,14,85500,65,0,1,4,2,1,12
0,0,1,1,1,0,0,0,2,7,76500,42,0,4,4,1,1,18
0,0,0,1,1,0,0,0,2,21,270000,42,0,4,1,0,1,12
1,1,1,0,0,1,0,0,1,14,90000,29,3,4,4,3,1,4
0,1,1,1,1,0,0,0,2,36,144000,35,10,0,4,0,1,11
1,1,1,1,1,0,0,0,2,38,247500,42,3,4,4,1,1,4
0,0,1,0,0,0,0,0,2,6,90000,52,1,4,4,1,1,11
0,0,1,1,1,0,0,2,4,6,148500,33,2,4,4,1,1,15
0,1,1,0,0,0,0,0,2,54,202500,50,19,0,4,1,1,0
0,1,1,0,0,0,0,0,1,40,157500,51,0,0,4,3,1,15
0,1,1,1,0,0,0,0,2,55,247500,32,6,4,1,1,1,0
0,0,1,0,1,0,0,0,2,40,315000,48,1,0,1,1,1,16
1,1,1,0,0,0,1,0,2,2,247500,49,0,1,4,1,1,12
1,0,0,0,0,0,0,0,2,15,180000,40,10,0,4,1,1,8
0,0,1,1,0,0,0,0,2,31,90000,54,8,4,4,1,1,12
0,0,1,0,0,0,1,0,1,25,121500,66,0,1,1,4,1,12
0,0,1,0,1,0,0,0,1,34,101250,27,4,4,4,3,1,15
1,1,1,0,0,0,0,0,2,2,225000,53,15,4,1,1,1,10
1,1,1,0,0,0,0,0,2,56,90000,35,0,4,4,0,1,8
1,0,0,1,0,0,0,0,1,10,202500,41,22,4,4,3,1,8
0,0,1,0,1,0,1,0,2,35,270000,55,0,1,1,1,1,12
0,0,1,0,0,0,0,0,2,20,148500,48,2,4,1,1,1,3
0,0,1,0,1,0,0,0,1,19,90000,54,8,0,4,3,1,12
1,0,0,0,0,0,0,0,2,2,184500,22,0,0,4,0,5,12
0,0,1,0,0,0,0,0,2,26,103500,49,4,0,4,1,1,8
0,1,0,0,1,1,0,0,2,20,315000,37,9,4,1,1,1,0
0,1,0,0,0,0,1,0,2,42,72000,64,0,1,4,1,1,12
0,0,1,0,0,0,1,0,2,57,81000,57,0,1,4,1,1,12
0,0,1,0,0,0,0,1,1,37,126000,33,2,4,4,1,1,3
0,0,1,0,0,0,0,2,3,53,157500,37,3,4,4,2,1,8
1,1,0,0,0,0,0,2,4,46,202500,40,8,0,1,1,1,8
1,0,0,0,0,0,0,0,2,12,247500,32,7,2,4,1,1,3
1,1,1,1,0,0,0,0,1,5,135000,28,1,4,4,3,1,12
0,0,1,0,1,0,0,1,2,53,157500,42,0,0,4,2,1,8
0,0,1,0,0,0,0,0,2,38,180000,60,1,0,1,1,1,12
0,0,1,0,0,0,0,0,2,59,81000,42,15,4,4,1,1,9
0,1,0,0,0,1,0,1,3,7,112500,29,8,0,4,1,1,12
0,0,1,0,0,0,1,0,2,14,81000,56,0,1,4,1,1,12
1,1,1,0,0,0,0,1,3,38,427500,43,1,4,4,0,1,12
1,1,1,1,0,1,0,0,2,11,270000,29,2,0,4,0,1,12
0,0,1,0,0,0,0,1,3,23,135000,31,4,4,4,1,1,3
1,1,1,0,0,0,0,0,2,30,270000,29,1,4,1,1,1,4
1,1,1,0,0,0,0,0,1,44,135000,36,1,4,4,3,1,8
0,0,1,1,1,0,0,2,4,24,144000,43,8,0,4,0,1,15
1,0,0,0,0,0,0,0,1,13,225000,25,2,0,2,3,1,4
0,0,0,0,0,0,0,1,3,54,157500,30,4,0,1,1,1,6
0,0,1,0,0,0,1,0,2,21,90000,65,0,1,2,0,1,12
1,1,1,0,0,0,0,2,4,28,270000,40,0,4,4,1,1,4
0,0,1,0,0,0,0,0,1,25,405000,36,5,0,4,3,1,15
0,0,1,0,0,0,0,0,1,44,207000,53,5,0,4,3,1,15
1,1,0,1,0,0,0,0,2,31,247500,38,0,0,4,1,1,10
0,0,0,1,0,0,0,0,2,14,126000,42,6,4,4,1,1,8
1,1,0,0,0,1,0,0,1,37,225000,29,0,0,1,3,1,10
1,1,1,1,1,0,0,0,2,42,54000,54,2,4,4,1,1,17
1,0,1,1,0,0,0,0,1,50,103500,53,6,4,4,2,1,4
1,1,1,0,0,0,0,0,2,17,180000,44,22,0,4,1,1,3
0,0,1,0,0,0,0,0,2,16,193500,49,2,4,4,1,1,8
0,0,1,0,1,0,0,0,2,15,135000,35,4,4,1,1,1,3
1,0,1,1,1,1,0,0,2,30,162000,27,1,4,4,1,1,9
0,0,1,0,1,0,1,0,2,7,67500,61,0,1,4,1,1,12
0,0,1,0,0,0,1,0,2,44,40500,57,0,1,4,1,1,12
0,0,0,1,0,0,0,4,6,36,67500,36,0,0,4,1,1,15
1,0,1,0,0,1,0,0,2,41,337500,49,0,0,4,0,1,12
1,1,1,0,0,0,0,0,2,27,270000,31,10,2,4,1,1,3
0,0,0,1,0,0,0,0,2,51,135000,37,5,4,4,1,1,6
0,1,1,0,0,0,0,1,3,47,135000,40,12,4,1,1,1,10
0,1,1,0,0,0,1,0,2,8,211500,55,0,1,4,1,1,12
0,0,1,1,1,0,0,0,2,24,90000,43,7,4,1,1,1,3
0,0,1,0,0,0,0,1,3,27,67500,35,9,4,2,1,1,12
1,1,1,1,0,0,0,0,2,30,202500,29,3,4,4,0,1,8
1,1,1,0,0,0,0,0,2,3,180000,53,14,4,4,1,1,4
1,0,0,0,1,0,0,0,2,1,135000,27,9,4,3,0,1,9
0,0,0,0,0,0,0,1,3,46,157500,31,10,4,4,0,5,15
0,0,0,0,0,0,0,0,2,15,360000,42,9,4,4,1,1,12
1,0,0,0,0,1,0,0,2,36,225000,32,4,4,1,1,1,15
0,0,1,0,0,0,0,0,2,5,171000,50,10,4,1,1,1,6
0,1,0,1,1,0,0,0,2,40,112500,51,5,4,4,1,1,15
0,1,0,0,0,0,0,3,5,7,540000,36,4,4,1,1,1,8
1,1,1,0,0,0,0,0,2,57,468000,40,8,2,4,1,1,8
1,0,1,0,1,0,0,0,2,15,157500,43,2,4,4,1,1,12
0,0,1,1,0,0,0,0,2,0,180000,38,19,4,1,1,1,3
0,0,1,0,1,0,0,1,3,3,121500,44,2,4,4,1,1,15
1,1,1,0,0,0,0,0,1,17,225000,22,2,0,4,3,1,8
1,1,1,0,0,0,0,0,2,11,135000,48,1,0,1,0,1,3
1,1,1,0,0,0,0,1,3,60,180000,38,10,4,4,0,1,10
0,0,1,0,0,0,0,1,3,39,180000,41,6,4,4,1,1,8
1,1,1,1,0,0,0,0,2,49,270000,49,2,0,4,1,1,8
0,0,1,0,0,0,0,0,2,33,103500,35,6,4,1,1,1,12
0,0,1,0,0,0,1,0,2,47,99000,54,0,1,4,0,1,12
1,0,1,0,0,0,0,0,2,40,225000,56,0,0,4,1,1,4
1,0,1,0,0,1,0,0,1,0,135000,21,1,0,4,3,4,15
1,0,1,0,0,0,0,1,3,2,157500,34,1,4,4,1,1,15
0,0,1,0,1,1,1,0,1,4,112500,64,0,1,4,3,1,12
1,0,0,0,0,0,0,0,1,1,135000,25,1,4,4,3,1,8
0,1,0,0,0,1,0,0,2,10,135000,42,13,4,1,1,1,12
0,0,1,0,0,0,0,0,1,43,180000,57,11,4,4,4,1,8
0,0,1,1,1,0,0,1,3,20,157500,47,3,4,4,1,1,15
0,0,0,0,0,0,1,0,1,39,130500,66,0,1,4,2,1,12
0,1,1,0,0,0,0,0,2,19,117000,51,0,4,4,1,1,15
0,0,0,1,0,0,0,0,2,51,63000,43,22,4,4,1,1,8
0,0,1,0,0,0,0,0,1,12,180000,48,10,4,1,3,1,11
1,1,0,0,0,0,0,2,3,9,180000,42,6,0,4,2,5,8
1,1,0,1,1,0,0,0,2,33,225000,35,5,2,1,1,1,4
1,0,1,0,0,0,0,1,3,7,180000,28,2,0,4,1,1,8
0,0,1,0,0,0,0,1,3,8,180000,36,5,4,4,1,1,6
0,0,1,1,1,0,0,0,2,40,126000,59,6,4,4,1,1,8
0,0,1,1,1,0,0,0,1,16,180000,39,12,4,4,2,1,8
0,0,1,0,0,1,0,0,2,37,405000,47,13,0,4,1,1,15
0,0,0,1,0,0,0,0,2,24,67500,46,8,2,4,1,2,3
1,0,0,1,1,0,0,2,4,11,202500,28,2,4,4,0,1,12
0,1,1,0,0,0,0,0,1,10,180000,37,15,0,4,3,1,4
0,0,1,0,0,0,0,0,2,34,180000,47,11,2,4,1,1,12
1,1,1,0,0,0,0,0,2,9,202500,54,2,4,4,1,1,12
1,1,1,0,0,0,0,1,3,36,180000,37,10,0,4,1,1,8
0,1,0,0,1,0,1,0,2,43,135000,63,0,1,4,1,1,12
0,0,1,0,0,0,0,0,2,11,157500,50,4,0,4,1,1,18
1,0,1,0,0,0,1,0,2,15,135000,66,0,1,3,1,1,12
1,1,0,0,0,0,1,0,2,26,135000,57,0,1,4,1,1,12
0,1,0,0,0,0,0,2,4,14,270000,37,12,2,1,1,1,16
1,0,0,0,1,0,0,0,1,29,112500,32,9,4,4,3,1,8
1,0,1,0,0,0,0,1,3,49,112500,38,0,2,4,1,1,8
1,0,0,0,0,0,0,0,1,52,135000,26,2,4,2,3,1,8
0,0,1,0,0,0,0,3,5,26,292500,33,1,0,4,1,1,3
0,0,1,0,0,0,0,0,2,57,112500,63,1,4,4,1,1,12
0,1,1,0,1,0,1,0,2,31,157500,52,0,1,4,1,1,12
1,0,1,0,0,0,0,0,2,42,315000,53,3,4,4,1,1,8
1,0,1,0,0,1,0,0,2,26,270000,40,14,0,4,1,1,4
1,1,0,1,0,0,0,0,2,38,112500,48,7,4,4,1,1,15
0,0,0,0,0,0,0,1,3,33,202500,33,2,4,1,1,2,12
0,1,0,0,1,0,0,0,2,8,99000,40,14,4,4,1,1,2
0,0,1,1,0,0,0,2,3,33,67500,40,20,4,4,2,1,12
0,0,0,1,1,0,0,0,2,29,67500,54,6,4,4,1,1,8
0,0,1,0,0,0,0,1,2,16,180000,41,1,0,4,3,1,12
1,0,0,1,1,0,0,1,3,16,112500,24,1,4,4,1,1,8
0,1,1,0,0,0,0,2,4,12,175500,51,1,2,4,1,1,3
0,0,1,1,0,1,0,0,2,33,112500,40,8,0,1,1,2,15
0,0,1,0,0,1,0,0,2,12,135000,37,10,0,1,1,1,3
1,0,1,1,1,0,0,2,4,3,148500,43,12,0,4,1,2,8
0,0,1,1,0,0,0,2,4,0,112500,32,7,4,4,1,1,8
0,0,1,0,0,1,0,1,3,24,270000,37,12,0,4,1,1,0
0,0,0,1,0,0,0,0,1,4,135000,33,1,4,1,3,1,12
0,0,1,0,0,0,0,0,1,18,157500,60,29,4,1,3,1,8
0,0,1,0,0,1,1,0,1,42,54000,62,0,1,4,4,1,12
0,0,1,1,1,0,0,2,4,41,180000,35,12,4,1,1,1,6
0,1,1,0,0,1,0,1,3,23,166500,37,10,4,4,1,1,11
0,0,1,0,0,0,1,0,1,3,135000,50,0,1,4,3,1,12
0,0,0,0,0,0,1,0,2,17,90000,58,0,1,4,1,1,12
0,1,1,1,0,0,0,0,2,30,387000,56,1,4,1,1,1,10
1,0,1,0,0,0,0,0,2,53,225000,58,4,4,4,1,1,8
0,1,0,0,0,0,0,1,3,11,337500,28,7,4,1,1,1,12
0,1,1,0,0,0,0,0,2,3,180000,37,11,0,2,1,1,8
0,0,1,1,1,0,0,0,2,46,135000,62,7,0,4,1,1,11
0,1,1,0,0,0,0,0,2,31,360000,46,4,0,4,1,1,2
0,1,1,0,0,0,1,0,2,13,540000,58,0,1,1,1,1,12
0,0,1,0,0,0,0,1,2,50,135000,41,17,4,4,3,1,15
0,0,1,0,0,0,0,0,2,56,135000,59,5,4,4,1,1,5
0,0,1,0,1,0,1,0,2,48,112500,57,0,1,4,1,1,12
0,1,1,0,0,0,0,1,3,18,157500,43,3,4,4,1,1,8
1,1,1,0,0,0,0,0,2,47,360000,37,3,4,4,1,1,4
1,1,1,1,1,0,0,2,4,21,225000,40,14,4,4,1,1,12
0,1,0,0,0,0,0,1,3,29,225000,31,2,4,1,0,1,3
0,0,1,0,0,0,0,1,2,17,202500,48,12,4,4,2,1,8
0,0,1,0,0,0,0,0,2,22,112500,55,5,4,4,1,1,11
0,0,0,0,0,0,0,0,2,20,180000,56,0,1,4,0,2,8
0,0,1,0,0,1,0,1,3,9,180000,25,2,4,1,1,1,3
1,1,1,0,1,0,1,0,2,8,112500,56,0,1,1,1,1,12
0,0,1,0,0,1,0,1,3,30,135000,36,0,4,1,1,1,15
1,1,1,0,0,0,1,0,2,19,135000,64,0,1,4,1,1,12
1,1,0,1,0,0,0,2,4,29,162000,34,3,4,4,1,1,12
1,1,0,0,0,0,0,1,3,5,252000,46,14,4,4,1,1,4
1,0,1,0,0,0,0,0,2,40,112500,48,7,0,4,1,1,17
1,1,0,1,0,0,0,0,2,22,326250,32,0,0,1,1,1,10
1,1,1,0,0,0,0,0,2,14,180000,46,8,4,4,1,1,15
0,0,0,1,1,0,0,0,2,31,270000,55,3,2,4,1,1,18
0,0,1,0,1,0,0,0,1,39,315000,29,1,0,2,3,1,15
1,1,1,0,1,0,0,0,2,54,270000,60,4,4,4,1,1,14
0,1,1,0,0,0,1,0,2,18,90000,58,0,1,4,1,1,12
0,0,1,1,1,1,0,0,1,16,90000,23,0,4,2,3,1,15
1,1,0,0,0,0,0,1,3,45,180000,30,0,4,1,1,1,4
0,0,1,0,1,0,0,0,2,55,135000,40,15,0,4,1,1,12
1,1,1,0,0,0,1,1,3,26,180000,48,0,1,4,1,1,12
0,0,1,0,0,0,1,0,2,7,112500,63,0,1,4,1,1,12
1,1,1,0,0,0,0,0,2,41,315000,50,7,4,1,1,1,4
1,0,1,0,0,0,0,0,2,21,112500,54,15,4,1,0,1,17
0,0,0,0,0,0,0,0,2,47,202500,48,8,0,1,1,1,0
1,0,1,1,1,0,0,0,2,2,247500,24,0,4,4,0,1,10
0,0,1,0,0,0,0,3,5,15,135000,31,2,4,4,1,1,3
0,0,1,0,0,0,0,1,3,24,108000,28,9,4,4,1,1,12
0,0,1,0,0,0,0,2,4,19,135000,39,1,0,1,1,5,3
1,0,1,0,0,0,0,0,2,3,157500,25,0,4,4,0,5,8
1,1,0,0,0,0,0,1,2,17,270000,36,8,4,4,2,1,4
1,1,0,1,0,0,0,0,2,48,225000,35,4,4,1,1,1,12
0,0,1,0,0,0,0,2,4,39,121500,39,3,4,4,1,1,15
1,1,0,1,1,0,0,0,2,47,540000,37,14,0,1,1,5,7
0,1,1,0,0,0,0,1,3,46,225000,37,8,0,4,1,1,15
0,0,1,0,0,0,0,0,2,60,247500,35,2,4,4,0,5,12
0,0,1,0,0,0,1,0,2,49,58500,55,0,1,4,1,1,12
0,0,1,0,0,0,1,1,3,60,135000,52,0,1,4,0,1,12
0,0,1,0,0,0,0,0,2,51,405000,41,12,2,1,1,1,3
1,0,0,1,0,0,0,0,2,15,315000,29,2,4,4,1,1,17
0,0,1,0,1,0,0,0,2,14,225000,23,0,0,2,0,1,15
0,0,1,0,1,0,1,0,2,35,180000,59,0,1,4,1,1,12
0,1,1,0,0,0,0,1,3,35,157500,45,6,4,1,1,1,10
0,0,0,0,1,0,1,0,2,9,117000,63,0,1,4,1,1,12
1,1,1,0,0,0,0,0,2,6,216000,44,4,0,4,1,1,4
1,0,1,0,0,0,0,0,2,48,99000,27,1,4,1,1,0,10
0,0,1,0,0,0,0,2,4,49,157500,37,1,2,4,1,1,8
1,0,1,0,1,0,0,2,4,20,675000,38,18,2,4,1,1,4
0,1,1,1,1,0,0,0,1,12,247500,32,13,2,1,3,1,3
0,0,0,0,1,0,1,0,1,8,112500,60,0,1,1,3,1,12
0,0,1,0,0,0,0,0,1,24,202500,63,14,2,4,3,1,11
0,0,1,0,0,0,0,0,2,39,99000,42,2,4,4,1,1,15
1,0,0,0,1,1,0,0,1,24,252000,39,18,0,4,3,5,4
0,0,1,0,1,0,0,1,3,38,675000,43,4,0,1,1,1,12
1,1,0,0,1,0,1,0,2,17,135000,39,0,1,4,1,1,12
0,0,0,1,0,0,0,0,1,4,103500,26,7,4,4,3,5,12
0,1,0,0,0,0,1,0,1,19,60750,50,0,1,4,4,1,12
0,0,1,0,1,0,1,0,2,30,112500,59,0,1,4,1,1,12
0,0,1,0,0,0,1,0,2,7,135000,55,0,1,4,1,1,12
0,0,1,0,1,1,0,1,2,30,270000,43,22,4,1,2,1,11
0,1,0,0,0,0,0,1,2,55,162000,40,12,4,4,2,1,15
0,0,1,1,1,0,0,0,2,2,135000,50,5,4,4,1,1,10
1,1,1,1,1,0,0,0,1,13,225000,25,1,0,4,2,1,10
0,1,1,0,0,0,1,1,3,45,211500,30,0,1,1,1,1,12
0,1,1,1,0,0,0,0,1,18,247500,53,3,4,2,2,1,0
0,0,1,0,1,1,0,2,4,21,164250,38,8,0,4,1,1,15
0,0,1,0,1,0,0,0,1,19,135000,24,1,4,2,3,2,11
1,1,1,0,0,0,0,0,2,43,180000,59,12,4,1,1,1,12
1,1,1,1,0,0,0,1,3,11,180000,32,4,4,1,1,5,8
0,0,0,1,0,0,0,0,2,27,180000,34,8,4,1,1,1,15
0,0,1,0,0,0,0,0,1,34,202500,45,12,0,1,4,1,0
1,1,1,0,0,1,0,0,2,23,202500,46,2,4,1,1,1,17
0,0,1,0,1,0,1,0,2,15,135000,57,0,1,4,1,1,12
1,1,1,1,1,0,0,1,3,49,202500,43,5,4,4,1,1,8
1,1,1,0,0,0,0,0,2,5,900000,41,15,0,1,1,1,10
1,1,1,1,1,0,0,1,3,59,112500,44,2,4,4,1,1,4
1,0,0,0,0,1,0,1,3,54,337500,48,6,0,1,1,1,10
0,1,1,1,0,0,0,2,4,15,135000,39,16,2,4,1,1,3
0,0,1,1,1,0,0,0,2,35,265500,43,9,4,4,1,1,15
0,1,1,0,0,0,0,0,2,40,360450,51,23,2,4,1,1,12
1,1,1,0,0,0,0,2,4,57,180000,53,3,4,1,1,1,8
0,0,0,0,0,0,0,1,2,35,144000,33,12,4,4,2,1,12
0,0,1,0,0,0,0,0,1,8,117000,39,7,4,4,4,1,8
0,0,1,0,0,0,1,0,1,6,112500,64,0,1,4,4,1,12
0,0,0,0,0,0,0,1,2,58,135000,44,14,2,4,2,1,11
0,0,1,0,1,0,0,0,1,7,112500,56,7,4,4,3,1,12
0,0,1,0,0,0,1,0,1,36,67500,54,0,1,4,2,1,12
0,0,1,0,0,0,0,0,1,5,54000,31,3,4,4,2,1,2
0,0,0,1,0,0,0,0,2,24,234135,34,6,0,1,1,1,10
0,1,1,0,0,0,1,0,2,25,225000,62,0,1,1,1,1,12
1,1,1,1,0,0,0,1,3,2,270000,50,10,4,4,1,1,4
1,1,1,0,0,0,0,0,2,35,90000,33,4,4,4,1,1,3
0,0,0,0,1,0,0,1,3,52,202500,53,32,4,4,1,1,11
0,0,1,0,0,0,1,0,1,45,180000,64,0,1,4,3,1,12
0,0,1,0,0,0,1,0,1,39,144000,60,0,1,4,3,4,12
0,1,0,0,0,0,1,0,2,31,225000,56,0,1,4,1,1,12
1,1,0,0,1,0,0,0,1,31,360000,35,4,0,1,2,1,10
0,0,1,0,0,0,1,0,2,3,45000,56,0,1,4,1,1,12
0,0,0,1,0,0,0,0,2,18,157500,25,1,4,1,1,1,15
0,0,0,0,0,0,0,1,3,50,157500,34,0,4,1,1,5,15
1,0,0,0,1,0,0,0,2,28,180000,40,6,0,4,1,2,8
1,1,1,0,1,0,0,1,3,11,360000,40,6,0,1,1,1,10
1,0,1,0,0,0,0,1,3,37,202500,27,1,2,4,1,1,13
0,1,1,0,0,0,0,0,2,44,121500,27,3,4,4,1,1,11
0,0,0,0,0,0,0,0,2,43,67500,49,20,2,4,1,0,6
1,1,1,0,0,0,0,0,1,32,157500,31,4,0,4,3,1,4
0,0,1,0,0,0,1,0,2,38,180000,65,0,1,4,1,1,12
0,0,1,0,1,0,1,0,2,11,144000,63,0,1,1,1,1,12
0,0,1,0,0,0,0,0,2,6,247500,32,8,0,1,1,1,15
1,1,0,0,0,0,0,0,2,45,360000,31,6,4,4,1,1,13
1,0,1,1,1,0,0,0,2,13,121500,38,8,2,4,1,1,8
0,0,0,1,1,0,0,2,4,21,315000,35,0,0,1,1,1,10
0,0,0,0,1,0,0,0,2,29,112500,27,6,0,2,1,1,12
0,0,0,0,0,0,0,0,2,22,72000,53,21,2,4,1,1,2
1,1,1,1,0,0,0,0,1,31,112500,24,0,4,4,3,1,8
0,1,1,0,0,0,0,0,2,37,135000,45,1,4,1,0,1,12
0,1,0,1,1,0,0,0,2,27,360000,50,0,2,4,1,1,11
1,1,0,1,0,0,0,0,2,51,270000,50,1,4,4,0,1,3
0,0,0,1,1,0,0,0,2,12,270000,25,2,4,4,0,3,15
1,1,1,0,0,0,0,2,4,47,135000,34,0,0,4,1,1,8
0,0,1,0,0,0,0,0,2,9,51750,46,6,4,4,1,1,1
0,0,0,1,1,0,0,0,1,28,112500,30,0,4,1,3,5,6
1,1,0,1,0,0,0,0,2,30,135000,52,10,0,4,1,1,4
0,0,0,0,1,0,0,0,2,50,202500,25,0,0,1,0,1,15
0,0,1,0,0,0,0,0,1,29,315000,60,35,4,1,2,1,3
0,0,1,0,0,0,0,0,1,28,135000,35,4,0,4,3,5,8
0,1,0,0,0,1,0,1,3,16,175500,21,1,4,4,1,1,3
0,1,1,0,0,0,0,0,2,47,112500,41,15,4,4,1,1,8
0,1,1,0,1,0,0,0,2,7,67500,52,2,4,4,1,1,12
0,1,1,1,1,0,0,0,1,48,405000,47,3,4,1,2,1,8
0,0,0,0,0,0,0,0,2,28,427500,57,16,0,4,1,1,15
1,0,1,0,0,0,0,2,4,35,225000,41,9,4,4,1,1,8
0,0,1,0,0,0,0,0,2,36,157500,53,7,0,4,1,2,8
0,0,0,0,0,0,0,0,1,40,202500,43,4,4,4,3,1,8
0,1,1,0,1,1,0,1,3,8,630000,51,17,4,1,1,1,15
0,0,1,0,0,0,0,1,3,6,76500,29,2,4,2,1,5,15
1,0,0,1,0,0,0,0,2,14,176175,24,1,0,4,1,5,3
0,0,1,0,0,0,0,0,2,59,202500,31,1,4,1,1,1,12
0,0,1,0,0,0,1,0,2,57,117000,56,0,1,4,1,1,12
1,0,1,0,0,0,0,1,3,39,405000,32,5,0,1,1,1,10
0,0,1,0,0,0,0,2,4,7,247500,37,0,4,4,1,1,12
1,0,1,0,0,0,0,1,3,5,117000,41,4,4,4,0,1,8
0,0,0,0,1,0,0,0,2,30,450000,40,15,2,1,1,1,10
0,0,0,0,1,0,1,0,2,50,157500,63,0,1,1,1,1,12
0,0,1,0,0,0,0,0,2,23,76500,51,18,2,4,1,1,12
1,1,1,0,0,0,0,1,3,30,225000,39,5,0,4,1,1,6
0,0,1,0,0,0,0,0,2,10,112500,51,12,4,4,1,1,8
0,0,1,0,0,0,1,0,1,27,202500,57,0,1,4,4,1,12
0,0,0,1,1,1,0,2,4,15,90000,25,3,4,4,1,5,8
0,1,1,0,0,1,0,0,2,8,135000,27,4,4,4,1,1,14
0,0,0,1,0,0,0,0,2,50,175500,51,30,4,4,1,1,12
0,0,0,0,1,0,0,0,2,10,247500,50,11,0,1,0,1,3
0,0,1,0,0,0,0,0,2,2,261000,51,12,4,4,1,1,11
0,1,0,0,0,0,0,0,2,57,202500,37,3,4,1,1,1,12
0,0,0,1,1,0,0,0,2,39,90000,48,23,4,4,1,1,8
0,1,1,1,1,1,0,0,2,30,90000,26,3,4,4,0,5,1
0,0,0,1,1,0,0,1,3,52,175500,38,19,4,1,1,1,3
0,1,1,0,0,0,0,0,2,34,112500,39,1,4,4,1,1,15
1,1,1,1,1,0,0,0,1,3,157500,55,3,4,1,2,1,4
0,0,1,0,0,0,1,0,1,36,135000,66,0,1,4,4,1,12
0,0,0,0,1,0,0,0,2,7,144000,54,12,4,4,1,1,12
0,0,1,0,0,0,0,0,2,12,180000,64,0,0,1,1,1,13
1,1,1,0,0,0,0,0,2,39,270000,28,7,4,4,1,1,4
0,1,1,0,0,0,0,0,2,8,211500,42,14,4,4,1,1,6
1,1,0,0,0,0,0,0,2,43,157500,31,5,4,4,1,1,8
1,0,1,1,1,0,0,2,4,2,166500,30,7,4,4,1,1,12
1,1,1,0,0,0,0,0,2,31,157500,51,5,4,4,1,1,12
1,1,0,0,0,0,1,0,2,60,108000,62,0,1,4,1,1,12
0,0,1,0,0,1,0,1,3,7,112500,26,3,2,4,1,1,3
1,0,0,0,0,0,0,0,2,12,270000,46,25,0,4,1,1,8
0,0,1,0,0,0,0,0,1,26,90000,50,3,4,4,2,1,3
1,1,1,0,0,0,0,0,2,51,202500,58,8,0,4,1,1,8
0,1,1,0,1,0,0,1,3,31,119700,35,9,4,1,1,1,12
0,0,0,1,0,0,0,0,2,31,90000,54,12,2,1,0,3,12
0,0,1,1,1,0,0,1,3,6,58500,26,2,4,4,0,1,3
0,0,1,0,1,0,0,0,2,51,270000,46,10,0,4,1,1,15
0,0,1,0,1,0,1,0,1,51,67500,61,0,1,4,3,1,12
1,0,0,0,0,0,0,0,2,19,90000,50,2,0,4,1,1,12
0,1,1,0,0,0,0,0,1,53,135000,45,3,4,4,4,1,12
1,0,1,1,1,0,0,0,2,2,90000,51,8,4,4,1,1,17
0,1,1,0,0,0,0,0,2,13,135000,38,4,0,4,1,1,13
1,0,1,0,0,0,0,0,1,12,54000,54,5,4,4,3,1,17
0,0,1,0,0,0,0,1,3,27,90000,31,3,4,4,0,1,2
0,0,1,0,0,0,0,0,2,45,360000,52,28,2,4,1,1,0
0,1,1,0,1,0,0,0,2,23,99000,47,8,4,4,1,1,16
0,0,1,0,0,0,1,0,1,38,67500,60,0,1,4,4,1,12
0,0,1,0,0,0,1,0,2,21,135000,55,0,1,4,1,1,12
1,0,0,0,0,0,0,0,2,48,180000,30,6,0,2,1,1,12
0,0,1,0,0,0,0,0,2,60,225000,46,8,0,4,1,1,15
0,0,1,0,0,0,0,0,1,15,202500,43,13,2,1,4,1,12
1,1,1,0,0,1,0,2,4,21,189000,37,2,0,4,1,1,4
1,1,1,0,0,0,0,0,1,6,202500,27,1,4,4,3,1,4
0,0,0,1,0,0,0,1,3,2,121500,34,1,4,4,0,1,3
0,0,1,0,1,0,0,0,2,29,157500,41,10,2,1,1,1,10
0,0,0,0,1,0,0,0,2,7,90000,25,4,2,4,1,1,12
1,0,1,1,0,1,0,0,2,18,202500,22,2,0,4,1,1,3
1,1,1,0,0,0,0,1,3,55,202500,27,1,4,2,1,4,8
0,0,0,0,1,0,0,0,1,17,67500,23,2,4,4,3,1,15
0,0,0,1,0,0,0,0,2,50,103500,48,30,4,4,1,1,11
1,0,1,0,0,0,0,0,1,49,180000,28,0,0,1,2,1,3
0,0,0,1,0,0,0,1,3,23,90000,25,1,4,4,1,1,4
0,0,0,0,0,0,0,0,1,38,405000,53,9,4,4,3,1,10
0,0,1,1,1,0,0,0,2,25,144000,26,8,0,1,1,1,0
1,0,1,0,0,0,0,0,2,2,112500,29,3,4,4,1,1,4
1,1,1,0,0,0,0,0,1,9,405000,32,0,4,4,3,1,4
0,0,1,0,0,0,0,2,4,26,180000,37,8,4,4,1,1,3
1,1,1,0,0,0,0,1,3,34,202500,24,4,4,4,1,1,8
0,0,1,0,1,0,1,0,2,10,76500,66,0,1,4,1,1,12
1,0,1,0,0,0,0,0,1,36,270000,43,7,4,4,2,1,12
1,1,0,1,1,0,0,1,3,19,202500,38,16,4,4,1,1,8
0,0,1,0,0,0,0,0,2,15,90000,32,13,4,3,3,4,1
1,1,1,0,1,0,0,0,2,20,135000,39,9,4,4,1,1,8
0,0,0,0,0,0,0,0,2,56,225000,41,23,2,4,1,1,3
1,1,1,0,0,0,0,0,2,12,180000,29,3,4,4,1,1,12
0,0,1,1,0,0,0,2,4,15,54000,30,12,4,1,1,1,1
1,1,1,0,1,0,0,0,2,19,180000,38,0,4,4,1,1,4
0,0,1,0,0,0,0,0,1,13,315000,28,3,4,4,3,1,0
0,1,1,0,0,0,0,2,4,52,112500,38,7,4,1,1,1,6
0,0,0,1,1,0,0,0,2,23,112500,37,5,4,1,1,1,12
1,1,0,0,0,0,0,0,2,18,180000,26,2,4,4,1,1,8
0,0,0,0,1,0,1,0,2,36,202500,56,0,1,4,1,1,12
1,0,0,1,0,0,0,0,1,14,198000,23,3,4,4,3,5,8
1,1,1,1,1,0,0,0,2,40,157500,60,28,4,4,1,1,3
1,0,0,1,0,0,0,0,1,33,81000,25,5,2,4,3,1,12
1,1,1,0,0,1,0,0,2,32,157500,47,1,4,4,1,1,4
1,1,1,0,0,0,0,1,3,39,450000,50,7,4,1,1,3,10
1,0,0,0,0,0,0,0,2,1,225000,41,4,4,4,1,1,15
0,1,1,0,0,0,0,1,2,27,112500,38,0,4,1,3,1,2
0,0,0,1,1,0,0,0,1,7,112500,28,2,4,4,4,5,3
1,0,1,1,1,0,0,0,1,16,157500,22,4,4,4,3,1,3
0,0,1,0,0,0,1,0,2,27,58500,65,0,1,4,1,1,12
0,0,0,0,0,0,0,1,3,52,292500,34,9,4,4,1,1,11
0,0,1,0,0,0,0,1,2,13,180000,29,3,4,4,3,2,8
0,1,1,0,1,0,0,1,3,42,225000,45,7,0,1,1,1,10
0,0,1,0,0,0,0,0,1,48,126000,44,8,0,1,2,1,10
1,1,1,0,0,1,0,0,1,10,405000,58,2,4,4,2,1,4
1,1,1,0,0,0,0,2,4,16,225000,41,8,0,4,1,1,8
1,1,1,0,0,0,0,0,2,30,157500,51,4,4,4,0,1,12
1,0,1,1,0,0,0,1,2,34,148500,36,3,0,4,3,1,8
1,1,1,0,0,0,0,1,2,10,180000,33,7,0,4,3,1,4
0,0,1,1,1,0,0,0,2,6,90000,36,0,4,4,0,1,0
0,1,0,0,0,1,0,2,4,53,135000,27,1,4,4,1,5,8
0,0,0,0,0,1,0,0,2,38,135000,27,5,4,4,1,5,11
0,1,1,0,1,0,0,0,2,53,117000,48,11,4,4,1,2,15
0,1,1,0,0,1,0,1,3,39,180000,46,3,0,4,1,1,1
1,1,1,0,0,0,0,0,1,43,135000,32,1,4,4,3,1,12
0,0,0,1,1,0,0,2,4,22,126000,27,4,4,4,1,1,6
0,0,0,1,0,1,0,0,1,17,128542,25,1,0,1,3,4,15
0,0,0,0,0,0,0,0,2,1,81000,53,0,4,4,1,1,8
1,0,1,0,1,0,0,1,2,54,202500,34,1,0,4,2,1,3
0,0,0,0,0,0,1,0,2,39,171000,59,0,1,4,1,1,12
0,0,0,1,0,0,0,0,2,21,67500,50,3,4,4,1,1,12
0,0,0,1,1,0,0,0,2,53,67500,44,7,4,4,1,5,2
0,0,0,1,0,0,0,1,3,55,76500,34,1,4,1,0,1,0
1,1,0,0,0,0,0,2,4,48,270000,41,8,4,4,1,1,3
1,0,1,0,0,0,0,0,1,27,162000,31,1,4,4,3,1,17
0,0,0,1,1,0,0,0,1,10,157500,39,1,4,4,2,5,15
0,0,1,0,0,0,0,0,2,41,180000,51,19,0,4,1,1,8
1,1,0,1,0,0,0,0,1,42,166500,28,5,0,2,3,1,8
1,1,1,0,0,0,0,0,2,35,315000,59,5,0,2,1,1,16
0,0,1,1,1,0,0,0,2,16,112500,22,1,0,4,0,1,8
1,1,1,0,1,0,0,1,3,19,135000,29,7,0,4,1,1,8
1,0,1,0,0,0,0,2,4,36,135000,35,0,0,4,1,1,8
1,1,0,0,1,0,0,0,2,25,180000,48,9,4,4,1,1,4
0,0,0,0,1,0,0,0,2,9,450000,37,5,0,1,1,1,15
0,0,1,1,1,0,0,0,1,15,180000,25,4,4,1,3,1,16
1,1,1,0,0,0,1,0,2,50,135000,63,0,1,1,1,1,12
0,0,1,0,0,0,1,0,2,21,99000,65,0,1,4,1,1,12
0,0,1,0,0,0,0,0,2,26,292500,51,25,4,1,1,1,6
1,1,1,0,0,0,0,0,2,18,225000,57,1,4,1,1,1,17
0,0,0,0,1,0,0,0,2,20,112500,52,1,4,4,1,3,12
0,0,1,0,0,0,1,0,1,5,247500,45,0,1,4,2,1,12
0,0,0,0,0,0,1,0,2,19,121500,58,0,1,4,0,1,12
0,0,1,0,0,0,1,0,2,1,76500,27,0,1,4,0,1,12
0,1,0,1,1,0,0,0,1,22,216000,54,27,4,4,3,1,12
1,0,0,0,0,0,0,0,1,8,166500,23,0,4,4,3,5,15
0,0,1,1,0,0,0,0,2,30,292500,50,31,2,1,1,1,10
0,0,1,0,0,0,0,1,3,15,270000,30,4,4,4,0,2,15
0,0,1,0,1,0,0,0,2,46,126000,43,18,2,1,1,1,12
1,1,1,1,1,0,0,0,2,27,90000,56,18,4,1,1,1,8
0,0,1,0,0,0,0,0,1,5,202500,38,5,0,1,3,1,12
0,0,1,1,1,0,0,1,3,25,67500,28,0,4,4,1,1,15
0,0,1,0,0,0,0,0,1,42,225000,56,25,0,1,3,1,3
0,1,0,1,0,0,0,0,1,36,247500,27,3,4,4,3,1,11
1,1,1,0,1,0,0,0,2,37,157500,47,1,0,4,1,1,4
1,1,0,0,0,0,0,0,2,25,202500,41,12,4,4,1,1,12
0,0,0,0,0,0,0,1,3,41,67500,28,8,4,4,1,5,11
0,0,1,0,0,0,1,0,1,43,67500,61,0,1,4,3,1,12
0,0,1,0,0,0,0,0,2,57,135000,55,4,4,4,1,1,8
0,0,1,0,1,0,0,0,2,4,90000,43,9,2,4,1,1,12
0,1,1,0,0,0,0,1,3,45,360000,31,6,4,1,1,1,12
1,1,0,0,1,0,0,0,2,10,99000,59,9,4,4,0,1,8
1,0,1,0,0,0,0,1,3,23,900000,42,12,4,4,1,1,8
0,0,0,1,0,0,0,0,2,40,90000,31,9,4,4,0,1,18
1,0,0,1,0,0,0,0,1,15,117000,40,10,4,4,3,1,9
0,0,1,0,0,0,0,0,1,20,112500,38,5,4,4,3,1,3
0,0,0,0,1,0,0,0,2,43,157500,37,13,0,1,1,1,6
1,1,0,0,0,0,0,0,2,13,270000,49,9,4,4,1,1,8
1,0,1,0,0,0,1,1,3,1,202500,49,0,1,1,0,1,12
0,0,1,0,0,0,1,0,1,6,180000,59,0,1,4,3,1,12
0,0,0,0,0,1,0,0,2,27,157500,30,9,4,1,1,1,12
1,1,1,0,0,0,0,0,1,2,180000,22,2,4,4,3,5,4
0,0,1,0,1,0,1,0,2,52,144000,60,0,1,4,1,1,12
0,0,1,1,1,0,0,0,2,50,180000,59,2,4,4,1,1,12
0,0,1,0,0,0,0,0,2,15,81000,35,4,4,4,1,1,2
0,0,0,0,0,0,0,3,5,17,292500,33,1,0,4,1,1,3
1,1,1,0,0,0,0,0,2,9,135000,50,23,4,4,1,1,9
0,0,0,1,0,0,0,1,3,37,112500,35,10,4,4,1,1,15
0,0,1,0,0,0,0,0,1,7,90000,32,1,4,1,3,1,8
1,1,0,0,0,0,0,0,2,59,135000,28,4,4,4,1,1,4
0,1,1,0,0,0,0,0,2,9,67500,32,1,2,1,0,1,3
0,0,1,0,1,1,0,0,1,60,112500,28,0,0,2,3,1,12
1,1,0,0,1,0,0,0,2,11,180000,27,1,0,1,1,1,10
0,0,0,1,1,0,0,1,3,51,72000,27,1,4,1,1,1,16
0,0,1,0,1,0,0,1,3,12,157500,42,6,1,4,3,1,9
1,0,0,0,0,0,0,0,1,31,225000,32,0,4,4,3,0,8
0,1,1,0,1,0,0,0,2,23,225000,34,2,0,1,1,1,0
0,0,0,0,0,0,1,0,1,10,112500,53,0,1,1,3,1,12
1,0,1,0,0,0,0,0,2,10,112500,27,6,0,4,0,1,8
0,0,1,1,1,0,0,0,2,38,90000,51,2,4,4,3,1,3
1,1,1,0,0,0,0,2,4,10,99000,45,8,2,4,1,5,4
0,0,1,0,0,0,0,0,2,29,180000,37,8,4,4,1,1,8
1,1,1,0,0,0,0,1,3,52,292500,34,9,0,1,1,1,12
0,0,1,0,0,0,0,1,3,6,157500,41,5,0,1,0,1,10
0,1,0,0,0,0,0,1,3,58,67500,41,3,2,4,1,1,3
0,1,0,1,0,0,0,0,2,16,270000,37,2,0,2,0,1,12
1,0,0,0,1,0,0,0,2,48,135000,53,2,0,4,0,1,4
0,0,0,0,0,0,0,0,2,5,135000,51,29,4,4,0,1,8
0,0,1,0,0,0,0,1,2,57,90000,37,3,4,4,3,1,15
0,0,1,1,0,0,0,2,3,38,67500,37,8,4,4,2,1,15
0,0,0,0,0,0,1,0,1,42,67500,58,0,1,4,2,1,12
0,0,0,0,1,0,0,0,2,25,112500,36,11,4,4,1,1,12
0,0,0,0,1,0,0,0,2,44,112500,51,29,4,4,1,1,12
0,1,1,0,0,0,0,2,4,24,157500,43,1,0,1,1,1,10
1,1,1,1,1,0,0,0,2,45,135000,41,4,0,4,0,1,3
0,0,1,1,1,0,0,0,2,57,112500,47,3,0,1,1,1,12
0,1,1,0,0,0,0,1,2,57,270000,43,2,4,4,2,1,15
0,0,1,0,0,0,1,0,1,53,81000,63,0,1,4,2,1,12
0,0,1,0,0,0,0,0,2,15,202500,51,2,0,4,1,2,8
0,0,1,0,0,0,1,0,2,11,112500,62,0,1,4,1,1,12
0,0,0,0,1,0,1,0,2,27,157500,58,0,1,4,1,1,12
1,0,0,1,1,0,0,3,5,49,58500,44,2,4,4,1,5,8
0,1,1,0,0,0,0,2,4,50,315000,33,3,2,4,1,1,10
1,0,1,0,0,0,0,0,2,57,292500,51,2,4,1,1,1,10
0,0,1,0,0,0,0,0,1,15,112500,37,1,4,4,3,4,2
1,0,1,0,0,0,1,0,1,14,112500,22,0,1,4,3,1,12
1,1,1,0,0,0,0,0,2,10,225000,24,3,4,4,1,1,12
0,0,1,0,0,1,0,2,4,6,225000,37,1,4,1,1,1,0
1,0,0,0,0,0,0,0,2,35,225000,47,3,4,4,1,1,8
1,1,0,0,0,0,0,0,2,32,135000,44,2,0,4,1,1,4
1,0,1,0,0,1,0,1,3,34,202500,36,18,4,4,1,1,8
1,0,0,1,1,0,0,0,2,23,222750,48,12,4,1,1,1,10
1,0,0,1,0,0,0,0,1,5,247500,27,3,4,4,3,1,8
0,1,0,0,1,0,0,1,3,38,216000,33,3,0,1,1,1,0
0,0,1,0,0,1,0,0,2,8,247500,40,0,4,4,1,1,15
0,0,0,0,0,0,1,0,2,7,33750,52,0,1,1,1,1,12
0,0,1,0,0,0,0,2,4,22,225000,42,0,4,1,1,0,8
0,0,1,0,1,0,0,2,4,23,157500,30,2,4,4,1,1,15
0,0,0,0,0,0,0,0,1,55,225000,51,10,4,4,3,1,8
0,1,0,0,0,0,0,0,2,43,315000,43,13,4,1,1,1,12
1,1,0,1,0,0,0,0,2,56,180000,51,8,0,4,1,1,10
1,1,1,1,1,0,0,0,2,14,360000,51,14,4,1,1,1,10
0,0,0,0,0,0,1,0,2,22,67500,58,0,1,4,1,1,12
0,1,1,0,0,0,0,2,4,42,306000,37,10,2,1,1,1,3
1,1,1,0,0,0,0,2,4,42,675000,36,8,0,1,1,1,3
0,0,1,0,0,0,0,2,4,58,135000,34,4,4,4,1,1,12
0,1,1,0,0,0,0,0,2,35,90000,38,7,4,4,1,1,10
